x1,x2
-0.17157590549805884,-0.2071705504253125
-0.16450336978220584,0.10400361212710103
0.3393257363251243,-0.17935456283370774
1.427003623391092,0.29123196310208
-0.055124429064699165,-0.05858891297632181
-0.5598776271635476,0.5007047657817436
-0.9763446963301496,0.8464097703975876
0.3461913189225977,-0.2730923724784227
1.1659684649001125,0.664449954779258
-0.5339530660083898,0.2727106237625184
-0.056025313834520384,-0.013559295619182418
-0.2825953494158113,-0.10165534239168086
0.03369280591256133,0.9883271123088351
-0.6486179596685728,0.6785231954754222
-0.15927506830786153,0.03255281415236169
-0.044159352793610426,0.5222189357684734
0.08006045878509103,0.000634230573373618
0.08216538897564385,-0.22891026626821578
-0.032782120716431815,-0.10801341049869058
0.063105455588505,-0.007278436123256694
-0.1464326669752152,-0.1476987741560616
0.10305769552238404,0.028373929597545006
-1.0802727015118545,-0.3443777579542825
-0.7511610653908676,-0.06343410226008143
-0.019488450866922823,0.02500027959325002
-0.5191099635306343,-0.2825472738059343
0.11723369929269296,0.25630370976864303
0.5601850414647179,0.8935968527718668
-0.4274728390773433,0.48961574999533897
-1.2714046048714933,0.010309865121396904
-0.03625341822896082,-0.4926391445171061
-0.05243338806220098,-1.2516441573765107
-0.003603591792600079,0.005289363414499978
0.2435267009570671,0.4609624220400802
-0.0957667826726214,-0.07611416978136085
-0.4306338842642657,0.4262657054579087
0.9179806263965898,-0.3850223748239487
0.08270258794422307,0.32223420966960725
0.17460714809167055,0.015981398867545838
0.1748120557060808,0.025768454183010107
0.015450536257578123,0.16838417288061122
0.8140837752974766,0.7888734008461507
-0.0972552960014924,-0.02785395286644616
0.10047551885124917,-0.3396022666618753
1.0203546382462223,0.40821080819531286
-0.22485145774623067,0.10902359165901018
-0.6089570138205933,-0.2614791488608916
-0.24557029839109526,0.1130316119366769
0.20941885431041765,-0.8512343604232496
-0.033904189907473216,-0.06918523094514833
-0.3204877304470584,0.2069817858990623
0.008047355438028835,-0.837541818538628
0.9551307135300864,0.22131802639526404
-0.13769981767538744,-1.2270029673526628
-0.9587706563732213,1.050528451013988
-0.002281764342341471,-0.04684305711300087
-0.03245660985522446,0.25951750382760963
0.22244095362745211,0.2701787610008484
-0.11569085247975622,-0.30510445590790375
0.14265087610632812,0.062101260771022404
0.6426517286553726,-0.5510445961989456
-0.08180150729890173,0.07424385096006364
0.13721127369028438,0.1606206544316771
0.8947535289265789,-0.7183177635306655
-0.44993988256771406,-0.15538671683962094
1.0227208746041645,0.5315280939979808
0.35994635028719724,0.16131792760349017
-0.2384160485913838,0.2452868503377257
0.278375180357363,-0.26383670680858634
0.02263011789653141,-0.0028309746275397424
-0.007040254445098062,-0.0019799307547938775
-0.15570186069912015,-0.2930961501034965
0.048460353627842845,-0.04848780829265976
0.363222437449385,-0.6764720749416778
-0.04891332186245481,0.22353889260865129
0.15997926105067822,0.008095790245854745
0.42707343069094056,-0.9375551525295819
0.04990810822917194,0.2794753089183841
0.060000581473448285,0.5642987789759952
-0.7732452559259727,0.504328967210294
0.26470611029652924,-0.2004811595560073
0.8041268565875117,0.2712978391266821
0.5773536729300366,-0.2263300089301203
-0.673615581831591,-0.9114758134425917
-0.0469389047667226,0.005624224499237644
0.3670004298168384,-0.3968624810212217
-0.045256698580785085,0.9479743151413538
-0.029663287389740743,0.07429919499892981
-0.21386656670152415,-0.07792121153692838
-0.21591370777984814,-0.1966314109652553
-0.2733484794454235,0.5010349529443471
0.22314981838824743,0.6416334398836682
0.10797871663934284,-0.2046773616965469
-0.10330363442085432,0.23921574366159412
0.0028365059246226944,0.6795259459583429
-0.030862194378515503,0.042964051168090496
0.14389669722235116,-0.17179134051755632
-0.057382238194678574,-0.06310514621892901
0.4318352385428494,-0.2562974073029013
0.16696614061753773,0.978483001799088
-0.09926273798176173,0.06508409432825832
-0.400170656645634,0.04119406232465751
-0.009649190727215543,-0.0015596796111965168
-0.36936428907847524,0.09377975162847615
-0.5139016898999664,0.026962960758256917
0.15400423033850544,-0.012746311068157342
-0.504555972137249,-0.5603232557515827
-0.058260367893000216,-0.03735678722452151
-0.5858016154847157,0.20822661905527332
-0.10760509014586342,0.2678536216534959
0.6362747769990947,0.7590725668858865
0.43923719120736987,1.2877918040289384
1.0103435219961003,1.0416849350337463
-0.4592609432204294,-0.08383576161460755
-0.19881920811628137,0.44875862590473337
-0.009449739568961968,0.1631219970351927
-0.05732451786164462,0.40868072548127804
-0.25589447851792735,0.8695554517690612
0.7978970567461279,0.42386077589183135
0.9882728394272849,0.6536247899525814
0.6638715614058122,0.07373122515681231
0.266618098266696,0.6968995457121256
-0.002544645962683131,0.003392868241571645
0.029320227938698137,-0.031824262048152425
-0.007966712004381975,-0.012723212792719428
0.08440531906704275,0.3964119529614539
-0.24862987999912042,-0.7081823452132382
0.056150787201432094,0.166163774141654
0.3667976248391597,-0.5348507801011955
-0.2863713983911016,-0.32172506427793107
-0.14704508798425714,0.19449385457507595
-0.1989449181619191,0.6570909042296736
0.041579444257404216,0.43581309421372244
0.08317011814258302,0.008416616113330689
-0.2589928336688705,-0.30896817377430424
-0.415761667990396,-0.033543426101260196
-0.10451626224432153,-0.19749086360559265
-1.4315364017401377,-0.1029912510802316
-0.6741048250895201,0.128809698265072
0.6653253347551455,0.1452422422221877
-0.0624348903965257,-1.1391625270227197
-0.1275293827359204,-0.1800408835268483
0.14740471999984178,0.052970155482411185
-0.5705249462856922,-0.19806157959356988
-0.0252908011499294,0.2527698519058585
0.14364538808034072,-0.23342799680916568
0.014491656191875743,0.03639280777042814
0.1395748360699642,-0.2271254815536881
0.2263119054805925,-0.27104911201049015
-0.04625351574407236,0.9472813747203936
0.9877162631796174,0.5769343289019278
0.09232453811004301,-0.001538836582479093
-0.0063747845231697945,0.009751307628783104
0.1472290628194946,-0.08802624146629415
0.004437032148799116,0.1992766059428761
-0.10686866272071958,0.05767298192367104
-0.0630311915687431,-0.3711799034552594
0.13529133905584478,0.01126921947722695
-0.061588873247524156,-0.01661524673499447
-0.09461270975703781,0.9614644683518349
0.3476765325322056,-0.16894037553747276
-0.5861287958611627,-0.03163887045661918
0.01580355957446678,-0.8389490048949286
0.32947452334728916,-0.2525658384011003
-0.14612673822851352,0.2494820555147672
-0.10136272527220212,-0.05426792745393829
0.1288592541197757,0.018241612973363346
-0.07102158550608943,0.0545010247266993
-0.39855511678768024,-0.28572031230482003
-0.0409023370225346,-0.09576820054499512
0.005666282800429537,0.033343985097427406
0.0030844912248595723,-0.006657024392698457
-0.2836595591911857,0.01072464663089269
0.2870453401060404,0.6882396339253134
0.7631206756065271,0.48275343501144885
0.3789750819338082,0.13984798523673608
-0.6554923800348518,-1.2094921026822887
0.14609542051902075,0.09958455929771136
0.22628884906807875,-0.8682280651935971
0.3923794821471724,0.6411597785545319
0.47576238565910295,0.9932202465735329
0.4367146787328628,-0.21086700285781995
-0.44189924606237374,-0.4959790927355619
0.19921275605090022,0.027148074317651292
-0.5884832398113097,-0.8760222858537324
-0.331279494546128,0.07294578218945405
-1.1852952146144469,-0.32503065506798257
-0.523383964484477,0.5208679291106381
-1.2661962242121174,-0.008701388180920514
-0.11358167302977744,0.02582068025047731
-0.0576256178177405,0.06251072782921006
-0.009943848183561609,-0.008797257650730198
0.6580524323398623,0.3905761181205025
0.010532749497597645,-0.505978633386018
-0.017404334604017947,-0.04595750216308527
-0.4979767854211225,0.5484224863731589
-0.015378763174921232,0.030276293761681016
0.05513987016113149,0.09995895876579203
0.010148504811433121,-0.00932505245456321
0.09974632201636358,-0.343520943751776
-0.2888704821211053,0.18609370396485317
0.42267107346983873,-0.12653604129173285
-0.09796427945060815,0.08129763567039933
0.6666353929837093,0.8353795756720036
-0.238338807147994,0.08354224587702228
0.7112128234920346,-0.11615600607506453
-0.9868755621240163,-0.48200491747885776
0.1438866220569266,-0.0031070142578916763
0.5957193741769689,0.00010680138277261927
-0.21558777856469274,-0.7855201779467712
-0.3850332609573357,-0.046744595447108045
-0.37454339806223574,-0.1753756082168343
-0.05878263783804308,-0.09810356495953525
-0.691473159181121,0.25599585279902193
0.003177992554969276,0.03718003802716938
-0.14477935277477458,0.1523461531302259
0.3276283275125079,-0.4037768477495038
-0.04948607677407745,-0.07403056425092923
-0.013078155675111227,-0.27236446453776597
0.07242437015626142,1.1336145356928815
0.03977834646388551,-0.22881096867767972
0.40121635832317426,-0.03974663281199481
0.8798523597906539,0.9152597542110816
0.12515801905763183,0.13064424722457574
0.07396032232614003,0.3168089259768883
-0.5151798478998614,-0.5449545313383807
-0.13747605786689263,0.014092853680630592
0.11315797338095833,-0.02079831006843044
-0.23570444143667216,-0.12935257000211972
0.21374368913201475,-0.5866484924180604
-0.3056358166114765,-0.1899480182519591
-0.013365673007828982,0.012714160249678924
-0.36136993882114393,0.48645805467807435
0.07271460844344631,0.4071845959974376
-0.26570379040055103,0.08042485947200158
0.3774258248624721,-0.7773017793837466
-0.16453620280675108,-0.39335725818070855
0.6179715041670796,0.43500167073427704
-0.1177755757990774,-0.5462476493454022
-0.13672243157400585,-0.12712755717438454
0.3320782011952071,0.8036065316518303
-0.05961605540910897,0.036539255682650644
-0.09533714911500436,-0.07561445496180796
0.024430165073835775,-0.5648365826340314
0.07692894615288048,0.06143107156236009
0.1023509588251182,-0.2695525586955804
-0.8134928491964173,-0.6907875479580252
-0.20548229993103104,0.2669751689337007
-0.626187455712707,0.08692751580666093
0.1682167059716016,0.17843837144025196
0.14445912781961165,0.1323086196201813
0.3974227194805131,-0.12636244705014799
-0.7575199860031051,0.5503572735632718
0.27813426859502255,0.001737116902795807
-0.03473353123318615,-0.07059161632201992
0.7902192878832314,-0.0005124925071194077
-0.02130119091272346,0.005519362378371707
0.9195428896734015,0.07689919312734417
-0.3956213720622953,-0.7035754431447832
0.15314613633876173,0.6760979663079947
-0.2861042364179272,-0.02726841294535201
0.6447269750017652,-0.05304170053705529
0.0012942877946110552,-0.03471951916088086
-0.09844611270437936,-0.6603994330917345
-1.400420158952496,-0.03274211857754573
-0.621554334828604,1.322875395359604
0.7613644092192599,-0.6381383310634403
0.39616903766291506,-0.32316984363993734
0.3629540782950782,0.16445896996437517
-0.014373680520498868,-0.24807412603531392
-0.24922018834010823,0.06469534523304682
-0.030852803310383273,0.5998549233180164
0.029070175365171185,0.2174700056090642
1.1114590522755505,-0.9607069231364617
-0.03545229406834891,0.013331262822517648
-0.059228331075507644,-0.34040331163033605
1.228169038905437,0.03193772050731902
-0.06197955617202012,-0.01374782046523029
1.2973994458023055,-0.2667054240260643
0.18242674760151684,-0.09058824494191368
-0.03854547239591979,0.013296828684361764
0.06397885198418633,0.08897458407034396
0.6889408253409927,-0.3457936978935887
0.35845992651338626,-0.03305864927958178
-0.333837505499987,-0.49998390470864273
0.17198867726504474,-0.31283316324100846
0.008920934808165422,-0.019878577753301974
-0.1392513604006399,0.11274430628285713
-0.6925559357533695,0.7411166487973352
0.6229817514274945,-0.25366344962997034
0.1785932754096727,0.3670624062642753
0.2871851488983087,-0.19409800008087363
-0.0468340596400682,-0.5149548732699109
-0.014731735191848928,-0.6615502884333893
-0.3766009309279329,-0.12777525497810344
0.05918582368115127,-0.10027992302869865
-0.045909820792993244,-0.2650863077584829
0.031114230788559787,-0.08945043551862146
-0.23912420297263065,0.1736401485039108
-0.24624770230235538,-0.29059095753791764
-0.6854549034814115,0.3929716943520316
0.4728956941989468,0.017816648927985335
-0.9470197226613162,-0.24959245504962366
0.030848699823394374,0.04176420281880426
0.04112994367538512,0.28741762144633626
-0.20149006965734173,-0.1120150597717582
-0.12986240128788853,-0.22839775839556004
0.3729476418368566,0.12907155612144608
0.014018110327125435,0.38389121176561747
-0.3790018940286074,-1.386029128660254
0.6327300086063699,-0.7840436733375933
0.10537629614923695,-0.351268274237877
-0.12056133772280675,0.7235300501665095
1.2910813688634126,0.2554365412291623
-0.9663110069635713,0.7764597677662091
0.5932788632555602,-0.22676359742948832
-0.008227132325769378,-0.2004041412466489
-0.29047775748110444,0.16876824652176398
-0.09879929063322128,-0.2624220120237105
-0.6229109094069055,-0.40459371259208077
0.3758100499449458,-0.18227487867437336
-1.365072011258353,-0.546133807910322
-0.4653387101779892,0.010142797059645629
-0.9866918110238658,-0.5621878180474724
0.17065978701980514,0.11532193278423719
-0.0020436791997108677,-0.13208002029740099
0.02756004348781759,0.13142061377710554
1.0515454804095923,0.16577476931256135
0.21940379255584652,1.4573873724460158
0.41969233967497055,0.9965446587531084
0.12490942379128156,0.07871335694731536
-0.02633044751772399,0.0036512630531161257
0.12814097117086154,0.2959739134035508
-0.10533289049889752,0.22663300435190067
0.052026834626440636,0.09309412876113808
-0.02258784698839061,-0.27058563548097825
-1.0871286239750786,0.2584609361176558
0.7410189380437023,0.768862922713779
0.9148744385946516,0.5906204580492495
-0.8268313037706532,0.13397035808441582
0.04080894689490346,0.005324793118585247
-0.06785076242630658,-0.6375689165042167
-0.22059545973290637,-0.6477147227929598
0.4814395861075044,0.05809747475921485
-0.023176164610948038,0.14049564502079356
0.5782121518280835,0.9513347585176732
0.4466417547026874,-0.29762821271863577
-0.034420067415756615,0.3428070200255418
0.14620189629068422,0.33508676189796355
1.001805043479245,-0.2931100861704561
-0.6582878591594015,-0.22219338514523918
0.8066544303093066,0.25931228504454684
-0.591441823050262,0.1321926524476827
0.6882292566122512,1.0990878579061887
-0.20424498689217993,0.15894670290375523
-0.42669763220726575,0.1428627128038589
0.29819474282602093,-0.5811567636304811
-0.39696847640599686,-0.9879235239324883
-0.7088364143912671,-0.2686802497399863
0.18346725527025512,0.031196049919722246
-0.6250648726006457,0.4294961198492864
0.200427556533888,0.07538171634393104
0.7104198923157228,-0.5303979766875795
0.01682631286291537,0.04890483495388317
-0.14249162378140978,-0.04375130285368363
0.02501623467094052,-0.12249869521824837
-0.3527142191404718,-1.2302718521852183
-0.11397590576575146,-0.13074827435952122
0.23135966109514985,-0.6500847499000003
-0.23426911479033624,-0.37848958778094416
-0.03134891401067455,-0.11917880873306501
-0.6355991866337345,0.421814961515366
-0.004137627373068356,0.1209660663004698
-0.1466824566511952,-0.0013574240706126447
1.0440733610072994,0.7467944049722416
-0.560716829748845,0.43522037696390287
0.24563248171267255,0.105372583121718
0.7302419364941896,-0.6040798232708167
0.1724390342873593,-0.21759991004617565
-0.013657288252714393,0.26602765133713546
-0.027663103134784157,-0.030665938814309616
0.6624386950565544,0.0708053539781328
0.017972893775002784,0.005450118904137783
0.04175063937130503,-0.11337289179146802
-0.8609038035278086,0.770624595409488
0.10479212857034423,0.08074011938411114
0.19007052132023525,0.09074849598937669
0.8233208900077656,-0.10785462595401542
1.0369817239005217,-0.6346827340662738
-0.10990679486325514,-0.010088774496993467
-0.0011456611441179939,-0.025548289457077985
0.287998486078052,-0.4897256660439913
0.394678457334384,0.20139807169482787
-0.20297600338996707,0.5000697057375384
-0.23216274758797362,0.030864733838595827
-0.8056984144307106,-0.3023162827751181
0.1668085373530727,-0.6201699628423998
0.19392557962477402,-0.4590928589901581
0.10099572163294185,-0.010648629260282736
0.044196458815334724,0.07718050084355144
0.27460384940049476,-0.014841156736485627
0.016580455756337188,0.06790000244865713
0.346848445421516,-0.05122270147790632
-0.15884525422548024,-0.2626078477514929
0.058932771625607006,0.04186555386810967
-0.5643824551792237,0.20740631287310296
0.21244865066046248,-0.036971925800900494
0.8037087810519812,-0.07305599185130181
-0.14615245621160763,-0.5712496791096678
0.06046124393172054,-0.03338331164548051
-0.5046913551682211,-0.5010534294102342
1.234007715566267,0.5517094662608475
0.22594131556527997,-1.0317194692788114
-0.015885020660996445,-0.014709749671599746
-0.15348951920052145,-0.7903603677448766
0.19655566649576697,-0.06421964050030007
0.03558752533011351,0.2730589746855951
0.24678712762116545,0.4514314017551222
-0.08588854830557273,0.03535432008864119
-0.09720878800250242,-0.277658573736022
-0.24480118512873242,0.03704033576202674
-0.1493249222541584,-0.5637229280884419
-1.258306965256993,0.5988448524514736
-0.5187435422813408,-0.24273649162926458
-0.11259169488314627,0.15605704601558337
-0.43231328040745726,-0.6604739803723231
0.08225287076643911,0.04900825292949632
0.010375104155608663,0.032139590284366935
-0.2628854741744016,-0.39920944221142957
-0.060012325340550524,-0.4050892476028865
-0.007260425146032306,-0.10493640626968972
-0.7086481973530474,0.6799305623929968
0.0024083442840399528,-0.005105043127552971
0.1103059051622667,0.1017412716804041
-0.2029916690393626,-0.12927963891010735
-0.08938764258813632,0.026010929851345996
-0.6243848957948354,0.04349676592392792
-0.8530917687051673,0.5027775314215336
-0.4633354341648653,1.0088205652035902
0.0564492169225098,0.05922870501803
-0.09604498654250682,0.3408831221791811
0.10161006026006247,0.07275799644080619
-0.21071853596643383,-0.5217343710948166
0.3426375078377597,0.9272838911004642
-0.2015570655545628,-0.5357361974629473
-0.33882952695797985,-0.9440361216053323
0.046564306387684176,-0.07503246284962779
0.03916185184154796,-0.13226560434001008
0.0027811900429508436,-0.002819919507657772
-0.10273529327599369,-0.36027013758418314
-0.5478545611732631,1.332327367009411
0.22431750976329967,0.053831884664948884
0.046095465978214796,0.04911595812646083
-0.2504176308795109,0.12840066816510687
0.12472841155676923,-0.32498074229421575
-0.2775108899495844,-0.2633487598957499
0.0032943101040419165,0.10187571467081542
0.07828815859989767,0.1195978658868978
0.1619647751695895,0.03577523018960169
-0.03176464193029916,0.02764178638610511
-0.22498643958429104,-0.38945293727529023
0.19255424588326533,0.03178298928056249
-0.4234052500708216,-0.9442981401955697
0.11284697715397994,-0.023986598512186603
0.4425861203338469,-0.45961156090701344
-0.037294735713865546,0.003925464526080588
-0.018522314543344083,-0.02697487261579128
0.4123048912396992,-0.15800194517470592
-0.8821568232007162,-0.4173090442568165
0.03306900846761278,-0.3170767626753047
0.029057521269451724,-0.15330663964550278
0.45735157183921754,0.2633707675163989
0.30296205423529643,-0.07760418430089239
0.5428940187266132,0.6433203934899896
0.25287154161672076,-0.2791486429369773
-0.8084922149661417,0.24554813661979236
-0.027647449636110388,0.008260711081538303
0.22457146747245813,0.27130755149173036
-1.0390276909860885,-0.3333155072118484
0.6386159710631768,-0.9630091362665004
-0.5347787504918059,0.650565079782707
-0.5182567098085927,0.8962548942987371
-0.3631771552860509,0.37150382489966605
0.056764607561308335,-0.0021764650390629493
-0.013431371938677843,0.13425059458727703
-0.31461126801823536,0.5471010070700304
0.26201100319032816,-0.1782487571598959
0.17524487121862048,0.002844814119864484
0.11093951855866528,0.01639210733839333
0.03393987089739042,0.04069249263854916
-0.5434736441672556,-0.20117708305296614
-0.198268861710555,-0.213404245260197
0.051956524043301706,0.20340310531128228
0.5741615205388485,0.17711303411004167
-0.39626585233241485,0.3394324071093879
0.4234099185440737,1.0694952052765676
-0.27450555878323757,-1.4225945551148942
0.7296851332199141,-1.1581284190697392
0.5068668079299885,-0.15896460344681726
0.34075424292076106,1.093356073775605
0.06244960246973649,-0.043852514862598335
0.4880768509742441,1.0509117090550806
-0.5724001441734361,0.08784080935558113
-0.08126389968761087,0.6563247667980325
0.863352543550359,-0.02381215337879712
-0.6704591168478798,-0.04205079005890877
-0.8685648299139169,-0.9602580507127261
0.18615488012798329,-0.3388254745371822
0.12613871908347674,-0.0068875718973116585
0.007763610339958014,-0.006230836449460585
0.24280588844172382,-0.17540509917641572
0.4909177463329126,0.24435687321871158
-0.3936403755206014,0.36210976279446533
-0.06327911368971767,-0.03756635001018643
0.323480578732368,0.8017343812335064
0.07456096718906918,-0.040691209759112175
0.07314058155366934,-0.03192723438700237
-0.5790706085944753,0.6338191855929077
0.04267960802698225,0.00031200202925194253
-0.3663070645928826,-0.3149286258328239
0.3295716264337525,0.08233700414719117
-0.12878858022906872,-0.018800103723791515
-0.12095956315621796,-0.09489940679842876
0.11964332551191563,0.2705919558974036
0.26627419942393465,-0.7302974820156123
0.03510450451541539,-0.036549608798894635
0.17776278507723903,0.07123871538606841
0.4438208373550197,0.2966455963026294
0.41574388176308946,0.2459152226959687
0.8968903175370209,0.9329598806149888
0.30357223252908166,0.05955276396299622
0.16060356787949817,0.3759833132505014
0.27414172485683497,-0.30091679528297033
-0.001249857922484816,-0.3259463902470451
0.0165285073771494,0.01714028220241221
0.9763970225237792,1.0107250573531883
0.7088516691017582,0.06826811224136656
0.12751417263303497,0.037902937343259106
-0.025079332713076392,0.2617785034988895
-0.2506201717236482,-0.06966639225692703
0.09157680012865738,-0.24006450746997707
-0.8470670385772449,0.19587908873362533
0.3286686127726408,-0.9032512407994147
0.587585320514889,-1.3673877150043054
0.11625382212070724,0.1388831218501916
-0.4389034706812006,-0.12792764724082634
0.208977962985422,-0.01557023207123083
0.049631888605896644,0.009559064060128138
0.055491286934775765,0.11568081391428373
1.0581958960187865,-1.0301452353480063
0.2889681428769724,0.3761268628447127
0.6540722243656503,-1.305137038529327
-0.208733109012317,0.5055732768789251
0.059653873962911566,0.3761958382603697
-0.014519972296019383,-0.34638000742902914
0.3469702902771557,-0.19490094264664837
-0.07655092523738517,-0.37699509020115207
0.012702083450195637,-0.12208302169764591
-0.006791692944126908,-1.489697830539239
-0.23543423614027012,0.12986257914359153
-0.13688482415227546,-0.10018499363275525
0.20178499639244096,0.28221207565114487
-0.39929389709602786,1.2388929017623234
0.05517011627262112,-0.07608710661825402
0.3858004283602205,0.2418294027624352
0.29907646376437114,-0.048709151126924956
-0.4067013231195714,-1.2797979173173464
0.11995653894188664,0.053312401924751784
0.016217618659161815,-0.35471341373142345
0.3439878142902094,0.7279913296697524
0.46477565822959466,0.019424475966432837
0.8065952044282212,-0.0007430403875099359
-0.050110121818642536,-0.045748904340530853
-0.12641460177196256,-0.025604812603044463
0.009494969045812051,-0.18660466829327327
0.16876394272967543,0.7232026932807859
0.18836769564577072,-0.009522603012752333
0.25707086474863106,0.14371333514307388
-0.10615027243744342,0.030723028750829412
0.2171191450205989,0.0760941799233348
-0.006208638971527261,-0.09261664181155142
0.42686799186358987,0.6857527626761261
-0.4652166355230104,-0.7472688726506215
0.007105152487450722,0.006119882692342503
-0.5279167872068972,-0.19999663372991572
0.17314681436572713,-0.0068868382419538686
-0.1954505192681702,0.11006962725770206
-0.06903400080076258,0.2708396829315857
-0.7411500083578054,-0.5527643263303685
0.33914599989066757,-1.0253447062822747
-1.0470763572539772,0.36114437074079164
-1.0184505391215273,0.8639941680003008
0.14687330838502605,-0.5935243436362488
0.27516762793500243,-0.15562386432632067
0.05883417011945998,0.348606790603737
-1.1837737993271278,0.30362212926587634
-0.08871620723510962,0.07889714635477071
-0.042612165591113055,0.017235133582270384
-0.20659777428799106,0.0887801651261183
-0.016333494831997437,-0.008273029072393391
0.8444390042812373,-0.7538959764245341
-0.2633928344926689,0.13302340180595015
-0.6932641315814904,0.4506437668500427
0.06753978591803346,-0.7909580782181952
0.53684936357727,-0.43233470826528564
-1.0630558153395795,-0.07921249819529831
-0.19860488351923292,-0.33675581315180403
-0.05030567174669287,0.22508964875425555
0.2019650389106923,1.2118700070137758
0.9715651325235951,0.36399756175332726
0.36987957889834294,0.11780650872252593
1.0754034485821928,-0.3571135323527143
1.080824141562727,0.8621607355344775
0.6621486111532593,0.6604965569798074
0.020395180119434954,0.15595274660511155
0.4909130559540028,0.02467288413210706
-0.7811368397112768,-0.952092553338331
1.178483888478292,0.015908374463493958
-0.6969298949272003,0.6419620398794127
0.6194491192788558,-0.9373482400096154
-0.7383904320420832,-0.3032853703959322
0.008989618771397813,0.006936704972868477
0.42611438395107726,-0.14471535060705795
0.6786993576932207,0.1616885359446093
-0.10928186604375091,-0.1764212847453753
0.14412480905206868,0.2602738377243051
-0.43360365993510785,-0.18418592203382403
-0.10150126459513115,-0.12858363056313274
0.4502972897023096,0.3537850625447843
-0.07448548792774971,-0.32914158621110656
-0.3211021281770077,0.534211743700955
1.11249418938996,0.02891932379990073
-0.19069303761035986,0.2839051126435806
0.2888142096141133,-0.16572848242553034
1.0315935234426035,-0.2919259784477323
0.12110922470336505,0.0706568261730958
0.01399248542201369,0.040784908519804174
-0.7647327699066094,1.2812426480359036
0.3866887624646681,0.6636003935936803
0.11999822802891551,-0.26013848840820286
-0.05765916399368535,0.7887737481935871
1.0258629403901973,-0.8026984880240184
-0.21803451331441673,-0.3711870538325526
-0.18246732872892718,0.49259194696408926
-1.1182040444576073,-0.721004473742997
-1.0448585670637545,-0.6123340907456725
-0.34316382721584754,0.06095803964334432
0.013000221748784294,-0.0019397513578769965
-0.28654154803385096,0.22291874895990865
0.049325088744935054,0.10399459594132777
-0.11727376949252401,-0.006160771540070135
0.033032672985098446,0.0040966634584461625
-0.058783029532589556,-0.3262685807468905
-0.4308248769462949,0.5120537373472402
-0.4179827150457353,1.1510505738257324
-0.1728057848446755,0.043850853576543
0.13463203208957245,0.5386071688471212
-0.02466237076002186,0.1168617152655885
-0.5156474057255553,-1.0919083608708162
0.1579312255534092,0.011826391587350403
0.13584891920059183,0.1621178538357861
0.27207611261373793,-0.14755468024312285
1.0634899099239898,-0.004262145926870997
0.416543175542298,0.06393450309104112
-0.10120178038603508,-0.12318396223578852
0.08157815894799585,-0.49154684034901697
0.819659278179601,0.21235144932446284
-1.2754649819200214,-0.7499180558604174
0.0056459251138234684,0.0013816229872759195
-0.5244506210501508,-0.055766016695927595
-0.38598207256115846,0.9464885520740425
-0.6417061561882728,-0.26054384886817145
-0.38923752598760936,-0.3289182723390163
1.1336676881172445,-0.5400520891549495
0.0016675822137926684,-0.0015696683665455664
-0.013490639104744594,0.008366121887746183
-0.0017684096556294959,-0.000965866434055529
-0.7516870987671562,-0.07987310847621988
0.8214000968310649,0.7320943907329848
0.14339406289233922,0.05016747858717942
0.0030113601717850283,-0.03790242137708985
1.2647491897786,-0.43758744856479465
0.7382396827602792,0.43351060324286184
-0.058880270440729895,0.5279394312939163
0.0882187833537658,0.6317977806700097
0.19894980776532245,-0.2215522071463465
-0.2049952678664485,-1.4848047653336114
-0.32186293394612714,-0.4476534732073829
-0.2146291049225866,-1.4257650828072965
0.26840560979283473,-0.13766861528888827
1.082495799818489,-0.016882830609648507
0.003918139811119407,0.0832233634620961
-0.14749209928559232,-0.1263192597576007
-0.044859079554780655,0.16987544107114275
0.9085647810186384,0.3335537815376485
-0.5068861969013674,-0.26949876442617793
-1.3363490717703843,-0.28606578395602145
0.034055981345298456,-0.08939707292033462
-0.09471943492071988,0.08624730640932342
-1.4751467689382645,0.04986662706921995
0.5086749443462635,0.7538465401407668
0.003882350503654976,-0.0010828180408444681
0.16392336012027448,-0.12660404897788335
0.4493632988299759,-0.8778324766956263
0.1661342474690646,-0.4704749628392393
-0.07191008390488585,0.5241917089684079
0.1462515774431895,0.028925147596536038
0.32548880108765105,-0.07061288519794834
0.6260144565204901,0.5814722353273583
-0.23937105744311346,0.27502132483721403
-0.010364002100976592,-0.01600316758407715
-0.07266863566442598,0.046824974759544266
-0.025961311853860754,-0.05830717594455882
0.0599318534880321,0.04982490825925221
-0.0002616324615837753,-0.011323915148646719
0.03830832488919872,-0.03824808850561498
0.306857520208276,-1.168064249511083
0.7267877620119388,-0.41228618331791
0.9751161723679703,-0.747732657566833
-0.24581628627114968,-0.2933926082518569
-0.07947550616857206,0.09466690791288478
0.032296733061199144,-0.1513914926980268
-0.04752572780796902,-0.25427055871880105
-0.022114260217606048,-0.009946284065419518
0.13540112452005662,0.10886337779900548
-0.034110054996957954,0.7546563835730083
-0.2155443646121317,-0.14673757367068746
0.01233218276410591,-0.03129455863416562
-0.5646536678594376,-0.7393086443971221
-0.18523466901637095,-0.10906995767449983
0.3089066670627502,-0.47619488780410574
0.13160577346930485,-0.1239216233235569
0.1312244253597762,0.013290997316819089
0.5183343411613477,0.26708257188884926
0.0029876168089162784,-0.028862105708705763
-0.5621626093173105,0.5862603707572477
-0.4571586466798792,0.31918183654574706
0.015969923404482948,-0.013167737620490328
-0.03158659750494729,0.1322491942521888
0.18893422214434016,-0.25349167051342364
0.010616963453838934,0.40195488488319564
0.18174093972976943,-1.476648128200795
0.016725566605449115,-0.027549983367602605
-0.01842787410054193,-0.07334607023172954
0.2594469838760523,-0.3198391856878224
-0.2828510096038458,0.12266790171895219
-0.11020530400532821,0.0248338766650732
0.12368470238760002,1.316776012756999
0.09973284727167035,0.21994133547715752
1.1293233349270904,-0.8263509210726497
0.25048310860440315,-0.9117330478291715
0.709317734748548,0.06788039556364611
0.042300776768325755,0.09152977203846932
0.0707596777607981,0.2649125575976051
-0.4336085984949816,0.6150964106374041
-0.8439285133248416,-0.27722550345259167
-0.45694722362364054,-0.4025074921879367
-0.39266890347445443,0.7355721106350812
-0.3330793951037528,0.1107311873433369
1.2500564206655795,0.04236243949322397
-0.07380934236487331,0.08030454792594056
0.2552544659343022,0.09954146045892695
0.0335486903940314,0.027187562361426183
-0.9531766167472421,-0.6562678452587002
1.0604750383649917,0.08722116583396439
0.16282955487610795,-0.41525291960723265
-0.11315702790768672,0.09135324585823418
1.18837580469273,-0.014081647110731477
0.4849098621130016,0.3706946249186208
-0.12605528477418684,-0.1484905307479668
-0.07587335143382098,0.337661647905186
-1.1677769328181444,-0.5320712730627708
0.4649549613625538,0.07317332745318307
0.24882553585381195,0.694344618797496
-0.14175214164589472,-0.22373781939811108
0.43787181454808327,-0.14283355357664482
0.4981787043028051,-0.7710425856777713
0.03514321044827085,0.16069664950691145
0.7603180822879625,-0.2345437070691495
0.8880961426255173,-0.6320062090598197
0.23083247936284249,-0.24860055399214337
0.018563322757725736,-0.030817496251965542
0.6114818986847365,0.20194819137377032
-0.1139375287745318,0.8525678829509937
-0.002079611985789406,-1.1113756443761487
1.0584691459629034,0.14943799130506696
0.027828721385667474,0.017013169818408894
-0.16985445450550068,-0.15604168809037514
-0.9961434976942606,0.2960488281674584
-0.33145991974576056,-0.47392314265604835
-0.490772241347653,0.16505581594654667
0.06392050089340334,0.312709023723494
-0.5183747083369942,-0.7771110416784613
-0.5581197143819056,-0.04493430192326337
0.14536052323399817,0.013357886810746658
-0.18081032106625042,-0.0243973680778459
-0.03914371084235395,-0.023880688452630718
0.08908344434814365,-0.025718784607900044
-0.007989979962726039,-0.48311846599925934
-0.007375822088664297,0.011081844163122146
0.010237414975662475,-0.003345544008224885
0.04502180743129497,0.03785410078652888
-0.10835502120637351,0.023905620836531333
0.4013059448987388,0.1517338880054865
0.7368792824846454,0.062486253932000246
-0.10260103791713922,-0.20070754375685793
0.16291938047628393,0.33051995608456736
0.026843296954541088,0.01405395873232208
0.6975287858732065,-0.9112871808591344
0.770115622781443,0.0896087005471627
0.02480768878879505,-0.0400008604940938
0.49759895283281985,-0.8002322492277542
-0.1256567765140414,0.19832016486023335
-0.8695024648635821,1.0465306966644172
-1.0388333260976161,-0.7780728993380962
0.059440252221487806,0.12439565633692305
-0.007618920197470723,0.2395343620476231
-0.009149443236305371,-0.002352249443720348
-0.29555467775722183,0.5014873631882354
-0.383248406361387,0.6803379403563682
-0.021091512976532466,0.09292124698905886
0.4289721239657442,-0.3864701501728928
-0.0931938962205325,-0.18832335882768403
-0.14863746913020626,-0.13100771536407238
-0.09566899281197308,-0.029610670247407975
0.07387804714373757,0.06585179494404109
0.5228437738478274,0.23535049230399815
0.35851889589119607,-0.17732232082297195
-0.013253948177583099,0.010649707446467122
-0.2928057977057622,-0.3089207735899351
-0.04451505655401405,0.12161093728101063
-0.006885148101120266,0.00020532544253002105
-0.04150694997561426,0.06567792908585755
0.23603411249297931,0.8987432371582605
0.5100887034595446,-0.2605327153619665
0.15717787651267698,0.1524470212440792
-1.4717764886413183,0.19095380117888605
-0.08636741771174294,-0.12362193840758862
-0.2555063306778746,0.29170749441078886
-1.0274216502710625,0.16329496203944335
0.07535624220940239,-0.2891600970653758
0.3865592316642046,0.666082641326668
0.4388230631469278,0.7019820552164969
-1.2089309882519732,0.12783119699099937
0.45135761522426,-0.10938797829996093
0.2227619283730074,0.27025695069934247
0.4727355823434452,0.19887997646796876
-0.42847076701670644,0.24119720703601297
0.5125762769400182,-0.24931528840416078
0.19685673018455518,-0.2498992653149237
-0.13252709401518264,0.934735308726807
-0.021715809983203584,-0.6895847612315134
0.016966920358352233,-0.020746309699186817
0.010446848391310163,-0.0032617066348054826
0.0019976424705134056,-0.039929284339597186
0.4024479071981943,0.7348203717614153
0.004186747140250982,0.03418215286737082
-0.05322413729615571,-0.07080537654160299
0.0021260087412584734,0.31086508639373295
-0.11476426795481956,-1.2868281988010088
0.5922016971683585,-0.6954132166675345
0.314028485128536,-0.49273001015417256
-0.6192368275665227,-0.4409133589653231
0.09903734734905147,0.07286755910547744
-0.241421990241623,0.086527854645629
-0.505384822884733,0.23364651012720775
0.03774115782949471,0.025968623356996522
0.8317776308972572,-0.11580904486390727
0.6362528743919021,-0.49105011040727325
-0.13098149099033937,-0.2946526641568614
0.11178280139160668,-0.4443255854946944
0.10413020083460536,0.3384282851611715
-0.9292801541232598,0.09100972704843797
0.3276429657938873,-0.14866620535970324
-0.3056499312763451,-1.352634048208409
-0.010260733216715728,-0.017834707140601886
0.17229472217978956,0.022014786955346092
-0.5470477134007653,-0.40833293850030516
0.10180285846915627,0.18012530409743377
-0.22833353127607367,0.11585928422621751
-0.6901829985354015,0.3784537987809789
-0.020194144162465198,0.00080171230723121
-0.3337444509803235,-0.669445178286083
0.01737289623500725,-0.04737539271596559
-0.2942368725625155,0.6701482233257189
0.20963003273809483,0.25241027610342026
-0.4307560032973674,1.1201191353271023
0.3199992169732346,-1.1527297236121592
-0.43379874467625235,0.22494284208074838
-0.1415414470820525,0.06143970062883334
0.049462432494291206,-0.14266308138678044
0.2069091571795383,0.5505564210480491
0.0994624004433106,-0.6511872696090113
-0.01331353266724345,-0.01055327908731455
0.07671566026236272,-0.01597673113210325
-0.8629427567465432,-0.03910488817579803
-0.02988379000108123,-0.8059281547230331
-0.020829273193625947,0.08524632047222473
-0.8094239516111051,-0.4488052954512423
1.0603021252968612,-0.02257112942689947
-0.6469066673186136,1.2081770803442682
0.02293553823025221,-0.21986493570402188
-0.007499878807345743,-0.11428968315155297
-0.2776403024083851,-0.23214015966351226
-0.6087716072747743,-0.23517703436149018
0.007525350308592149,-0.01141797882953176
-0.23668532932151307,-0.2554089680872075
-0.23836253869282872,0.11060388110215415
0.1704298109459174,-0.09700070980437463
0.009723179858843684,0.11483372333926925
-0.10173424520850771,-0.3022394953236424
-0.562169483190476,0.3937682926672274
-0.67579915875897,1.1087327510369636
-1.1841751407909311,0.49622590252643334
0.041703469272080344,0.48425217638302925
0.6148401934698463,0.3373210342943923
-0.15049793638295159,0.25742869591023226
-0.7456104561573768,0.8314898081096901
0.4303627295886774,-0.10862663608098819
0.20587401346132106,0.26772359872030127
-1.0292501085711934,1.0533393463523046
1.0550532319911985,-0.22777796128459374
0.4867689026724934,-0.3077226526608634
0.4840620679583019,-0.39110222654356175
-0.1056570730769057,0.13683894484811007
-1.1317875420827408,-0.8127959783357852
-0.16971712594627658,0.14407676484734042
1.1648325881389021,-0.15312793783403
0.6754410711876112,-0.6990472791546537
0.009077361606324476,0.001311470509156288
-0.17370314081195407,-0.4164366909708392
0.10670521188437353,-1.1228558602192986
0.014261458941077703,-0.010992041337495772
0.5385575666036895,0.6668746605858303
0.6997445235285522,-0.3559534832493023
0.24586137815577747,0.3420615382253445
-0.22813333762223703,-0.18972260135160626
-0.36845417153509125,0.14131515870531292
0.292497344808041,0.732723765304547
0.2552869372091638,-0.1764414207748901
0.039404921417844185,-0.8471688905865188
0.26770336410485074,-0.020766610693698884
0.09175587584214132,0.08062436892969142
1.4294040795777407,0.052370528866859556
0.5056836795477744,0.6672655082199246
0.06011690561392279,0.05721658875141448
-0.04409154960087994,0.1930982559995403
-0.31372738409704704,0.21548549179931614
-0.05771070376986561,0.4247027910264341
-0.7735530585706574,0.20864952136234044
0.2217667553252906,0.6397736411908742
0.9612190454713858,-1.0691558740810416
-0.0407182553718184,0.04476043586134016
-0.9776197413052278,-0.26941818894639974
0.05181512027127363,-0.16248123082924817
0.4258209315994324,-0.26736327779211644
-0.3575076316424712,0.392431587290478
-0.08085052714709678,0.025917887353744545
0.13540932364974695,0.2134361860924382
0.20146565376053793,-0.666710922430863
-0.17726677470975588,0.17965154551370996
0.5422145771373387,-0.6680929538806661
-0.025802582600370935,0.07443119999489614
0.5333626290352672,-0.04536806264776296
-0.0686489900459424,-0.19710396647626288
0.9198018742821084,-0.1065093341325151
0.6394448214868999,-0.14536119355173638
-0.0063520925137030846,0.4986302039936189
-0.04054780992493135,-0.16148629615346385
0.4113062848925947,0.28729985842256
0.6631168021086831,-0.22907150443040133
-1.028249503701875,0.02865203655079233
0.061845358596038194,0.2736671775423348
0.5887931861252562,-0.6710399162806426
-0.17064816862212764,0.0016068644692209073
-0.21589359439589864,0.2954985979094738
0.1254653901472245,0.12784005140596919
0.006838083609977617,0.012807728343197601
0.3054141374985669,-0.30213761988943777
0.5098695402722486,0.0734396963732359
0.21732697950159263,-0.7398584201593492
-0.2943539601628017,-1.0912387717062202
-0.5573915053658867,0.21940251500251376
-0.11236022914644893,-1.1554197618372861
0.7846992777608631,-0.6132618556294099
0.48245372076656207,0.2796989299383465
0.7782839973235397,-0.4223898852396633
-0.674002217729581,-0.8017080054060323
-0.20944722504700652,-0.1282726845233787
0.09487779455786607,0.11925133125578748
0.45858790968128726,0.9560730638216763
-0.5545528932806673,-0.1885618615718479
-0.7086926191706218,0.6430939889722501
0.41272830357847307,0.040221985847794496
-0.09066951458114987,-0.6602960975051138
0.21841237850149964,-0.2950356882637564
-0.21580911167224934,1.3528187687505357
-0.005917381735944373,0.06079392475815416
-0.7448020759276971,0.7022139661750832
0.23986999607386233,0.19714161581507794
